technology,21st-Century Sports: How Digital Technology Is Changing the Face Of The Sporting Industry
business,Asian quake hits European shares
technology,BT offers free net phone calls
business,Barclays shares up on merger talk
sport,Barkley fit for match in Ireland
sport,Bellamy under new fire
sport,Benitez 'to launch Morientes bid'
sport,Benitez delight after crucial win
technology,Big war games battle it out
technology,British Library gets wireless net
sport,Brizzel to run AAA's in Sheffield
business,Bush budget seeks deep cutbacks
business,Bush to get 'tough' on deficit
technology,Cable offers video-on-demand
technology,Cabs collect mountain of mobiles
technology,Camera phones are 'must-haves'
business,Card fraudsters 'targeting web'
business,Cash gives way to flexible friend
technology,Cebit opens to mobile music tune
sport,Charvis set to lose fitness bid
sport,Chelsea hold Arsenal
business,Christmas sales worst since 1981
sport,Clijsters set for February return
sport,Clyde 0-5 Celtic
sport,Coach Ranieri sacked by Valencia
technology,Confusion over high-definition TV
business,Cuba winds back economic clock
technology,DS aims to touch gamers
sport,Dawson set for new Wasps contract
business,Diageo to buy US wine firm
technology,Digital guru floats sub-$100 PC
business,EU aiming to fuel development aid
sport,England 17-18 France
business,Enron bosses in $168m payout
business,Euronext 'poised to make LSE bid'
business,Europe asks Asia for euro help
business,Europe blames US over weak dollar
business,Fannie Mae 'should restate books'
technology,Featured: 'Brainwave' cap controls computer
technology,Featured: 'Evil twin' fear for wireless net
technology,Featured: 'Friends fear' with lost mobiles
business,Featured: 'Post-Christmas lull' in lending
business,Fed warns of more US rate rises
sport,Federer forced to dig deep
sport,Ferguson puts faith in youngsters
business,GE sees 'excellent' world economy
business,GM issues 2005 profits warning
technology,Gangsters dominate gaming chart
sport,Gardener wins double in Glasgow
business,Gazprom 'in $36m back-tax claim'
business,German growth goes into reverse
business,Germany calls for EU reform
technology,Go-ahead for new internet names
sport,Greek duo cleared in doping case
sport,Hansen 'delays return until 2006'
sport,Henman & Murray claim LTA awards
sport,Henman decides to quit Davis Cup
technology,Hi-tech posters guide commuters
sport,Hodgson shoulders England blame
technology,Hollywood to sue net film pirates
sport,Holmes secures comeback victory
business,House prices suffer festive fall
sport,IAAF launches fight against drugs
business,India-Pakistan peace boosts trade
business,Iraqi voters turn to economic issues
sport,Jansen suffers a further setback
technology,Latest Opera browser gets vocal
business,Laura Ashley chief stepping down
technology,Learning to love broadband
technology,Mac Mini heralds mini revolution
business,Macy's owner buys rival for $11bn
business,Madagascar completes currency switch
sport,McLeish ready for criticism
technology,Mobile games come of age
technology,More power to the people says HP
sport,Mourinho sends out warning shot
sport,Moya suffers shock loss
sport,Moyes U-turn on Beattie dismissal
sport,Murray returns to Scotland fold
business,Mystery surrounds new Yukos owner
sport,Off-colour Gardener storms to win
business,Oil companies get Russian setback
sport,Owen may have to return home
sport,Pearce keen on succeeding Keegan
technology,Poles play with GameBoy 'blip-pop'
sport,Premier League probes Cole claims
sport,Prodigy Monfils blows away Gaudio
technology,Remote control rifle range debuts
sport,Robinson ready for difficult task
technology,Row brewing over peer-to-peer ads
sport,Rusedski angry over supplements
business,S Korean lender faces liquidation
sport,SFA awaits report over Mikoliunas
sport,Safin cool on Wimbledon
sport,Safin plays down Wimbledon hopes
technology,Satellite mapping aids Darfur relief
technology,Search sites get closer to users
technology,Security scares spark browser fix
business,Senior Fannie Mae bosses resign
technology,Solutions to net security fears
business,Split-caps pay £194m compensation
sport,Sports Stock Tips
business,Strong quarterly growth for Nike
technology,T-Mobile bets on 'pocket office'
sport,Thanou desperate to make return
sport,Thompson says Gerrard should stay
sport,Time to get tough on friendlies?
technology,US peer-to-peer pirates convicted
technology,US top of supercomputing charts
business,Venezuela and China sign oil deal
business,Weak end-of-year sales hit Next
sport,Williams says he will never quit
business,Winemaker rejects Foster's offer
business,Worldcom boss 'left books alone'
technology,Xbox 2 may be unveiled in summer
technology,Xbox power cable 'fire fear'
business,Yangtze Electric's profits double
business,Yukos loses US bankruptcy battle
business,7 business technology trends to watch
sport,A November to remember
technology,A question of trust and technology
business,Ad sales boost Time Warner profit
sport,African double in Edinburgh
business,Air passengers win new EU rights
technology,Anti-spam screensaver scrapped
sport,Arsenal through on penalties
business,BP surges ahead on high oil price
business,Bank holds interest rate at 4.75%
business,Bank set to leave rates on hold
sport,Bekele sets sights on world mark
sport,Bitter Santini hits out at Spurs
technology,Blogs take on the mainstream
business,Brewers' profits lose their fizz
business,Bush to outline 'toughest' budget
business,Buyers snap up Jet Airways' shares
business,Cairn shares up on new oil find
sport,Campbell to extend sprint career
sport,Celtic make late bid for Bellamy
sport,Charlton 1-2 Liverpool
sport,Chepkemei joins Edinburgh line-up
business,"Chinese billionaire targets Manchester United shares in new deal, reports suggest"
sport,Collins calls for Chambers return
technology,Commodore finds new lease of life
technology,Creator of first Apple Mac dies
sport,Cudicini misses Carling Cup final
sport,Davenport hits out at Wimbledon
sport,Davies favours Gloucester future
business,Deutsche Telekom sees mobile gain
sport,"Dibaba breaks 5,000m world record"
sport,Dogged Federer claims Dubai crown
business,Dollar hovers around record lows
sport,Dundee Utd 4-1 Aberdeen
business,EC calls truce in deficit battle
business,EU-US seeking deal on air dispute
business,Egypt and Israel seal trade deal
business,Egypt to sell off state-owned bank
sport,El Guerrouj targets cross country
sport,FA ready to test out goal bleeper
business,FBI agent colludes with analyst
technology,Fast moving phone bugs appear
sport,Ferguson fears Milan cutting edge
sport,Finnan says Irish can win group
sport,Fit-again Betsen in France squad
business,Five million Germans out of work
technology,Format wars could 'confuse users'
sport,Giggs handed Wales leading role
technology,Gritty return for Prince of Persia
sport,Hewitt survives Nalbandian epic
business,Honda wins China copyright ruling
business,India seeks to boost construction
business,India's Deccan gets more planes
business,Indy buys into India paper
business,Intercom raises €101m in funding round making it the most valuable Irish tech firm
business,Iranian MPs threaten mobile deal
business,Irish company hit by Iraqi report
sport,Italy aim to rattle England
business,Italy to get economic action plan
sport,Juninho demand for O'Neill talks
sport,Kenyon denies Robben Barca return
sport,Kerr frustrated at victory margin
sport,Klinsmann issues Lehmann warning
business,LSE 'sets date for takeover deal'
sport,Lewis-Francis eyeing world gold
technology,Lifestyle 'governs mobile choice'
technology,Looks and music to drive mobiles
sport,Man Utd through after Exeter test
sport,Martinez sees off Vinci challenge
technology,Microsoft makes anti-piracy move
sport,Middlesbrough 2-2 Charlton
sport,Mido makes third apology
technology,Millions buy MP3 players in US
business,Mixed signals from French economy
technology,Mobile picture power in your pocket
sport,Moore questions captaincy
sport,More Africans for tsunami game
sport,Murphy: That was a bruising battle
sport,Navratilova hits out at critics
sport,O'Driscoll out of Scotland game
sport,O'Gara revels in Ireland victory
sport,Owen dismisses fresh Real rumours
technology,PC ownership to 'double by 2010'
sport,Paris promise raises Welsh hopes
business,Parmalat sues 45 banks over crash
technology,Progress on new internet domains
business,Qantas considers offshore option
sport,Radcliffe tackles marathon tasks
sport,Rangers seal Old Firm win
sport,Record fails to lift lacklustre meet
business,Record year for Chilean copper
sport,Republic to face China and Italy
sport,Robben sidelined with broken foot
technology,Robots learn 'robotiquette' rules
technology,Rolling out next generation's net
business,Russia WTO talks 'make progress'
technology,Screensaver tackles spam websites
technology,Slim PlayStation triples sales
business,Standard Life concern at LSE bid
business,"Steel firm 'to cut' 45,000 jobs"
sport,Stuart joins Norwich from Addicks
technology,Sun offers processing by the hour
technology,Tech helps disabled speed demons
technology,Telewest to challenge Sky Plus
sport,Thanou bullish over drugs hearing
technology,The Force is strong in Battlefront
technology,The gaming world in 2005
business,Turkey knocks six zeros off lira
business,UK Coal plunges into deeper loss
business,US trade gap ballooned in October
business,Unilever shake up as profit slips
sport,Wales get Williams fitness boost
sport,Wales stars need a rest - Ruddock
business,Wall Street cool to eBay's profit
technology,Warnings about junk mail deluge
technology,Web radio takes Spanish rap global
sport,Wenger shock at Newcastle dip
technology,When invention turns to innovation
technology,Who do you think you are?
sport,Wilkinson to miss Ireland match
business,Winn-Dixie files for bankruptcy
business,Yukos sues four firms for $20bn
sport,A year to remember for Irish
sport,An Irish Athletics Year
sport,Arnesen denies rift with Santini
business,Asia shares defy post-quake gloom
business,Bank payout to Pinochet victims
sport,Barcelona title hopes hit by loss
business,Bargain calls widen Softbank loss
sport,Bayern Munich 3-1 Arsenal
sport,Benitez deflects blame from Dudek
technology,Blog reading explodes in America
technology,Broadband challenges TV viewing
technology,Broadband in the UK growing fast
sport,Calder fears for Scottish rugby
sport,Captains lining up for Aid match
sport,Celts savour Grand Slam prospect
sport,Chelsea ridiculed over complaint
business,China keeps tight rein on credit
technology,China net cafe culture crackdown
business,China suspends 26 power projects
business,Christmas shoppers flock to tills
sport,Collins named UK Athletics chief
technology,Court mulls file-sharing future
business,Crude oil prices back above $50
technology,Cyber criminals step up the pace
technology,DVD copy protection strengthened
business,Deutsche attacks Yukos case
sport,Disappointed Scott in solid start
business,Durex maker SSL awaits firm bid
technology,EA to take on film and TV giants
sport,Edu blasts Arsenal
technology,Europe backs digital TV lifestyle
sport,Farrell saga to drag on - Lindsay
business,Featured: 'Golden economic period' to end
business,Feta cheese battle reaches court
business,Firms pump billions into pensions
technology,First look at PlayStation 3 chip
business,Ford gains from finance not cars
sport,Fuming Robinson blasts officials
sport,GB quartet get cross country call
technology,Gadget market 'to grow in 2005'
technology,Gadgets galore on show at fair
technology,Games help you 'learn and play'
business,Gaming firm to sell UK dog tracks
business,Germany nears 1990 jobless level
sport,Greek pair attend drugs hearing
sport,Gronkjaer agrees switch to Madrid
technology,Half of UK's mobiles 'go online'
sport,Hantuchova in Dubai last eight
technology,Have hackers recruited your PC?
sport,Healey targets England comeback
business,High fuel costs hit US airlines
business,High fuel prices hit BA's profits
technology,Hotspot users gain free net calls
business,House prices drop as sales slow
business,House prices show slight increase
technology,ITunes user sues Apple over iPod
business,India widens access to telecoms
technology,Iran jails blogger for 14 years
business,Irish duo could block Man Utd bid
sport,Italy 8-38 Wales
sport,Johnson uncertain about Euro bid
sport,Kirwan demands Italy consistency
business,Liberian economy starts to grow
business,Malaysia lifts Islamic bank limit
sport,Man Utd stroll to Cup win
technology,Man auctions ad space on forehead
business,Manufacturing recovery 'slowing'
business,Markets signal Brazilian recovery
sport,Merritt close to indoor 400m mark
technology,Microsoft debuts security tools
technology,Microsoft releases patches
business,Minister hits out at Yukos sale
sport,Mirza shocks Kuznetsova
sport,Mourinho receives Robson warning
sport,Moya emotional after Davis Cup win
business,Nasdaq planning $100m share sale
sport,Newcastle 2-1 Bolton
sport,Newcastle to join Morientes race
business,News Corp makes $5.4bn Fox offer
business,Nigeria to boost cocoa production
technology,Nintendo DS aims to touch gamers
business,Novartis hits acquisition trail
business,Profits stall at China's Lenovo
business,Putin backs state grab for Yukos
business,Quiksilver moves for Rossignol
sport,Redknapp poised for Saints
sport,Robertson out to retain Euro lure
technology,Seamen sail into biometric future
business,Singapore growth at 8.1% in 2004
sport,Slovakia reach Hopman Cup final
sport,Sociedad set to rescue Mladenovic
technology,Sony wares win innovation award
business,Soros group warns of Kazakh close
technology,Sport-loving inventors whose tech could change the game
sport,Sprinter Walker quits athletics
business,Stock market eyes Japan recovery
business,Swiss cement firm in buying spree
technology,Text message record smashed
technology,The pirates with no profit motive
business,Tsunami to cost Sri Lanka $1.3bn
sport,UK Athletics agrees new kit deal
technology,US cyber security chief resigns
technology,US hacker breaks into T-Mobile
business,US industrial output growth eases
business,"US insurer Marsh cuts 2,500 jobs"
business,US manufacturing expands
business,US to rule on Yukos refuge call
sport,Van Nistelrooy set to return
sport,Vickery upbeat about arm injury
technology,Video phones act as dating tools
business,Virgin Blue shares plummet 20%
sport,Wada will appeal against ruling
sport,Wales critical of clumsy Grewcock
sport,Wales silent on Grand Slam talk
sport,Wenger rules out new keeper
sport,Wenger signs new deal
business,Axa Sun Life cuts bonus payments
technology,BT boosts its broadband packages
sport,Bates seals takeover
technology,Beckham virus spotted on the net
technology,Broadband fuels online expression
technology,Broadband in the UK gathers pace
business,Burren awarded Egyptian contracts
business,Business fears over sluggish EU economy
sport,Candela completes Bolton switch
business,Cannabis hopes for drug firm
sport,Castaignede fires Laporte warning
technology,Casual gaming to 'take off'
sport,Chelsea sack Mutu
business,China Aviation seeks rescue deal
sport,Classy Henman makes winning start
sport,Collins banned in landmark case
technology,Concerns over Windows ATMs
sport,Connors boost for British tennis
business,Crossrail link 'to get go-ahead'
technology,Cyber crime booms in 2004
technology,Disney backs Sony DVD technology
business,Dollar slides ahead of New Year
business,Economy 'stronger than forecast'
business,Electrolux to export Europe jobs
business,Ethiopia's crop production up 24%
sport,FA charges Liverpool and Millwall
sport,FA probes crowd trouble
technology,Format wars could 'confuse users'
business,GM in crunch talks on Fiat future
technology,Game makers get Xbox 2 sneak peek
technology,Gamers could drive high-definition
technology,Google launches TV search service
sport,Harinordoquy suffers France axe
sport,Hearts of Oak 3-2 Cotonsport
sport,Hodges announces rugby retirement
sport,Holmes feted with further honour
technology,Honour for UK games maker
sport,Houllier praises Benitez regime
technology,Humanoid robot learns how to run
sport,Ireland v USA (Sat)
sport,Isinbayeva heads for Birmingham
sport,Israeli club look to Africa
technology,Junk e-mails on relentless rise
sport,Kluft impressed by Sotherton form
business,Latin America sees strong growth
business,Libya takes $1bn in unfrozen funds
technology,Loyalty cards idea for TV addicts
sport,Man City 1-1 Newcastle
sport,McCall earns Tannadice reprieve
sport,McClaren eyes Uefa Cup top spot
sport,McClaren hails Boro's Uefa spirit
sport,McIlroy aiming for Madrid title
technology,Microsoft makes anti-piracy move
technology,Microsoft seeking spyware trojan
business,Mild winter drives US oil down 6%
technology,Millions to miss out on the net
sport,Minister digs in over doping row
sport,Mirza makes Indian tennis history
business,Mitsubishi in Peugeot link talks
technology,Mobile multimedia slow to catch on
technology,Mobiles 'not media players yet'
sport,Morientes admits to Reds struggle
sport,Mourinho plots impressive course
sport,Mourinho says race is almost over
sport,Moya sidesteps Davis Cup in 2005
sport,Nadal marches on in Mexico
technology,Nintendo adds media playing to DS
sport,O'Connell rejects Lions rumours
sport,O'Driscoll concern at Fifa ruling
business,Oil prices fall back from highs
business,Ore costs hit global steel firms
sport,Parry relishes Anfield challenge
business,Peugeot deal boosts Mitsubishi
technology,PlayStation 3 chip to be unveiled
technology,Portable PlayStation ready to go
sport,Premier League planning Cole date
business,Qantas sees profits fly to record
sport,Radcliffe yet to answer GB call
sport,Redknapp's Saints face Pompey tie
sport,Reds sink 10-man Magpies
business,Reliance unit loses Anil Ambani
technology,Rich pickings for hi-tech thieves
sport,Robinson out of Six Nations
sport,Rovers reject third Ferguson bid
sport,Saint-Andre anger at absent stars
business,Salary scandal in Cameroon
technology,Slimmer PlayStation triple sales
sport,Slovakia seal Hopman Cup success
technology,Smart search lets art fans browse
sport,Smith keen on Home series return
sport,South Africa sweep top awards
technology,Speak easy plan for media players
technology,Speech takes on search engines
business,Tokyo says deflation 'controlled'
business,Turkey turns on the economic charm
business,Turkey-Iran mobile deal 'at risk'
business,UK 'risks breaking golden rule'
business,UK firm faces Venezuelan land row
technology,UK pioneers digital film network
business,US bank in $515m SEC settlement
business,US crude prices surge above $53
sport,Umaga ready for Lions
business,Umbro profits lifted by Euro 2004
technology,Virgin Radio offers 3G broadcast
technology,Virus poses as Christmas e-mail
technology,Voters flock to blog awards site
sport,Wales want rugby league training
sport,Wales win in Rome
technology,Warning over tsunami aid website
sport,Wolves appoint Hoddle as manager
sport,Wood - Ireland can win Grand Slam
business,World leaders gather to face uncertainty
sport,Worthington praises classy Villa
sport,Yachvili savours France comeback
business,Yukos heading back to US courts
business,Yukos seeks court action on sale
business,Yukos unit fetches $9bn at auction
business,Air China in $1bn London listing
sport,Angry Williams rejects criticism
business,Apple Inc. Phone Pricing Likely To Trend Lower
business,Argentina closes $102.6bn debt swap
business,AstraZeneca hit by drug failure
sport,Balco case trial date pushed back
business,Battered dollar hits another low
sport,Beckham hints at Man Utd return
sport,Benitez joy as Reds take control
technology,Blind student 'hears in colour'
technology,Blogger grounded by her airline
business,Brazil jobless rate hits new low
technology,Broadband set to revolutionise TV
technology,Bush website blocked outside US
business,Business confidence dips in Japan
business,Businesses fail to plan for HIV
sport,Campese berates whingeing England
sport,Cech sets clean-sheet benchmark
technology,China 'blocks Google news site'
business,China continues rapid growth
business,Circuit City gets takeover offer
sport,Claxton hunting first major medal
technology,Consumer concern over RFID tags
business,Continental 'may run out of cash'
business,Deadline nears for Fiat-GM deal
business,Deutsche Boerse set to 'woo' LSE
technology,Domain system scam fear
technology,Doors open at biggest gadget fair
sport,Dunne keen to commit to Man City
business,EMI shares hit by profit warning
business,EU to probe Alitalia 'state aid'
sport,England 'to launch ref protest'
sport,Faye plans to stay at Portsmouth
business,Featured: 'Strong dollar' call halts slide
sport,Ferguson hails Man Utd's resolve
sport,Fuming Robinson blasts officials
business,Further rise in UK jobless total
technology,Gadget growth fuels eco concerns
technology,Gadget show heralds MP3 season
technology,Games win for Blu-ray DVD format
business,German business confidence slides
sport,Gerrard future not decided by Cardiff loss
technology,Halo 2 sells five million copies
sport,Henin-Hardenne beaten on comeback
sport,Hewitt falls to Dent in Adelaide
technology,How to smash a home computer
sport,Ireland call up uncapped Campbell
business,Israel looks to US for bank chief
sport,Keane defiant over Vieira bust-up
sport,Kenya lift Chepkemei's suspension
business,Kraft cuts snack ads for children
business,Lesotho textile workers lose jobs
sport,Lomu relishing return to action
business,Lufthansa may sue over Bush visit
business,MCI shares climb on takeover bid
business,MG Rover China tie-up 'delayed'
business,Making your office work for you
sport,McIlroy continues winning streak
technology,Mobile TV tipped as one to watch
business,Monsanto fined $1.5m for bribery
technology,Moving mobile improves golf swing
sport,Nadal puts Spain 2-0 up
business,Nasdaq planning $100m-share sale
technology,New Year's texting breaks record
technology,New consoles promise big problems
technology,Nintendo DS makes its Euro debut
sport,O'Connor aims to grab opportunity
sport,O'Leary agrees new Villa contract
sport,O'Sullivan keeps his powder dry
technology,Online commons to spark debate
technology,Online games play with politics
business,Parmalat founder offers apology
business,Parmalat to return to stockmarket
technology,Peer-to-peer nets 'here to stay'
business,Pernod takeover talk lifts Domecq
business,Profits jump at China's top bank
sport,Prop Jones ready for hard graft
business,Qatar and Shell in $6bn gas deal
business,Quake's economic costs emerging
sport,Real in talks over Gravesen move
business,Rescue hope for Borussia Dortmund
sport,Robben and Cole earn Chelsea win
technology,Robotic pods take on car design
sport,Roddick in talks over new coach
business,SEC to rethink post-Enron rules
technology,Santy worm makes unwelcome visit
technology,Seamen sail into biometric future
sport,Serena becomes world number two
sport,Smith aims to bring back respect
business,Soaring oil 'hits world economy'
technology,Software watching while you work
technology,Sony PSP console hits US in March
sport,TV calls after Carroll error
technology,TV's future down the phone line
business,The 'ticking budget' facing the US
business,Train strike grips Buenos Aires
technology,UK broadband gets speed injection
business,US adds more jobs than expected
business,US economy shows solid GDP growth
business,US economy still growing says Fed
business,US in EU tariff chaos trade row
business,US retail sales surge in December
business,US trade gap hits record in 2004
business,Ukraine revisits state sell-offs
sport,Underdogs have more fun
business,VW considers opening Indian plant
business,Wal-Mart to pay $14m in gun suit
sport,Wasps 31-37 Leicester
technology,What high-definition will do to DVDs
technology,Why Cell will get the hard sell
sport,Wilkinson fit to face Edinburgh
sport,Wilkinson return 'unlikely'
technology,Yahoo celebrates a decade online
technology,Yahoo moves into desktop search
technology,2D Metal Slug offers retro fun
technology,Anti-spam laws bite spammer hard
technology,Apple laptop is 'greatest gadget'
technology,Apple makes blogs reveal sources
technology,Apple unveils low-cost 'Mac mini'
business,Arsenal 'may seek full share listing'
business,BA to suspend two Saudi services
business,BMW drives record sales in Asia
business,BT offers equal access to rivals
sport,Barwick calls for Highbury calm
sport,Barwick installed as new FA boss
technology,Be careful how you code
business,Beer giant swallows Russian firm
technology,Blinx sequel purrs nicely
business,Bombardier chief to leave company
technology,Bond game fails to shake or stir
business,Britannia members' £42m windfall
technology,California sets fines for spyware
business,Call to save manufacturing jobs
sport,Can Smith work Scottish wonders?
technology,Cebit fever takes over Hanover
sport,Chelsea clinch cup in extra-time
technology,China 'to overtake US net use'
business,China bans new tobacco factories
sport,Davenport dismantles young rival
business,Disaster claims 'less than $10bn'
business,Dollar drops on reserves concerns
business,EU 'too slow' on economic reforms
sport,English clubs make Euro history
business,Ex-Boeing director gets jail term
sport,FA decides not to punish Mourinho
technology,Fast lifts rise into record books
technology,Featured: 'Blog' picked as word of the year
technology,Featured: 'Brainwave' cap controls computer
technology,Featured: 'Podcasters' look to net money
business,Fresh hope after Argentine crisis
technology,Gadget market 'to grow in 2005'
technology,Gates opens biggest gadget fair
sport,Gebrselassie in London triple bid
sport,Gerrard plays down European hopes
business,Giant waves damage S Asia economy
business,Giving financial gifts to children
business,Golden rule boost for Chancellor
sport,Henman hopes ended in Dubai
technology,Hitachi unveils 'fastest robot'
technology,Hotspot users gain free net calls
business,"How Manchester United, Knicks Wins Correlate With Stock Gains"
business,Hyundai to build new India plant
business,Industrial revival hope for Japan
business,Insurance bosses plead guilty
business,Iraq and Afghanistan in WTO talks
sport,Ireland surge past Scots
sport,Italy 17-28 Ireland
business,JP Morgan admits US slavery links
sport,Keegan hails comeback king Fowler
technology,Kenyan school turns to handhelds
technology,Long life promised for laptop PCs
business,M&S cuts prices by average of 24%
business,MCI shareholder sues to stop bid
business,Market unfazed by Aurora setback
technology,Microsoft takes on desktop search
business,Millions 'to lose textile jobs'
technology,Mobile networks seek turbo boost
technology,Mobiles 'not media players yet'
technology,Mobiles double up as bus tickets
technology,Mobiles rack up 20 years of use
sport,Mourinho takes swipe at Arsenal
sport,Mourinho to escape FA charge
technology,Net regulation 'still possible'
technology,New delay hits EU software laws
business,Newest EU members underpin growth
sport,No lack of Christmas spirit
sport,O'Driscoll/Gregan lead Aid stars
business,Optimism remains over UK housing
business,Orange colour clash set for court
sport,Owen delighted with Real display
technology,Pandas benefit from wireless net
technology,Parents face video game lessons
sport,Petit career ended by knee injury
sport,Plymouth 3-0 Sheff Utd
sport,Preview: Ireland v England (Sun)
sport,Prinz beats Hamm to Fifa trophy
business,Profits slide at India's Dr Reddy
sport,Prutton poised for lengthy FA ban
technology,Rivals of the £400 Apple...
sport,Robinson answers critics
sport,Rochus shocks Coria in Auckland
business,"Rover deal 'may cost 2,000 jobs'"
sport,Running around the Olympics
business,SA unveils 'more for all' budget
business,SBC plans post-takeover job cuts
business,Safety alert as GM recalls cars
business,Saudi ministry to employ women
technology,Savvy searchers fail to spot ads
business,Shares hit by MS drug suspension
business,Slowdown hits US factory growth
technology,Spam e-mails tempt net shoppers
technology,Text messages aid disaster recovery
sport,The wonder of Ronaldinho
technology,The year search became personal
sport,Tomlinson stays focused on Europe
business,US bank boss hails 'genius' Smith
business,US consumer confidence up
business,US trade deficit widens sharply
sport,Uefa threat over foreign quotas
business,Ukraine steel sell-off 'illegal'
business,Ukraine trims privatisation check
sport,Venus stunned by Farina Elia
sport,Video technology will not make football a mistake-free sport
technology,Warning over Windows Word files
business,Weak dollar trims Cadbury profits
technology,Web helps collect aid donations
sport,Wenger handed summer war chest
technology,When technology gets personal
technology,A decade of good website design
sport,Agassi fear for Melbourne
business,Ailing EuroDisney vows turnaround
sport,Ajax refuse to rule out Jol move
sport,Anelka apologises for criticism
technology,Apple attacked over sources row
technology,Apple iPod family expands market
technology,Argonaut founder rebuilds empire
sport,Arsenal 1-1 Sheff Utd
business,Asia shares defy post-quake gloom
business,Aviation firms eye booming India
technology,BT program to beat dialler scams
business,Bat spit drug firm goes to market
sport,Bees handed potential Man Utd tie
sport,Blackburn v Burnley
business,Boeing unveils new 777 aircraft
sport,Breaking news: US company admits Benin bribery
technology,Broadband in the UK growing fast
sport,Bryan twins keep US hopes alive
business,Building giant in asbestos payout
technology,California sets fines for spyware
business,Call to overhaul UK state pension
sport,Campbell to be Lions consultant
sport,Cantona issues Man Utd job hint
business,Chinese exports rise 25% in 2004
sport,Clijsters could play Aussie Open
sport,Corry backs skipper Robinson
technology,DVD copy protection strengthened
sport,Dallaglio his own man to the end
sport,Dawson wins England squad recall
sport,Dementieva prevails in Hong Kong
technology,Disney backs Sony DVD technology
sport,Dominici backs lacklustre France
technology,Dublin hi-tech labs to shut down
business,Ebbers denies WorldCom fraud
sport,England coach faces rap after row
business,European losses hit GM's profits
sport,Fifa agrees goal-line technology
technology,Freeze on anti-spam campaign
business,French boss to leave EADS
business,German economy rebounds
business,Glazer makes new Man Utd approach
technology,Google to scan famous libraries
sport,Greek sprinters 'won't run again'
sport,Greek sprinters suspended by IAAF
sport,Gunners clock up winning record
technology,Halo 2 heralds traffic explosion
sport,Henson stakes early Lions claim
sport,Hewitt fights back to reach final
sport,Holmes is hit by hamstring injury
technology,IBM frees 500 software patents
business,India's Reliance family feud heats up
business,India's rupee hits five-year high
technology,Ink helps drive democracy in Asia
sport,Irish finish with home game
business,J&J agrees $25bn Guidant deal
sport,Johansson takes Adelaide victory
sport,Jones doping probe begins
sport,Kenteris denies faking road crash
business,Khodorkovsky quits Yukos shares
technology,Latest Opera browser gets vocal
sport,Legendary Dutch boss Michels dies
sport,Lions blow to World Cup stars
sport,Liverpool revel in night of glory
business,Man Utd to open books to Glazer
sport,Man Utd urged to seal Giggs deal
sport,Melzer shocks Agassi in San Jose
technology,Microsoft debuts security tools
technology,Millions buy MP3 players in US
technology,Mobile multimedia slow to catch on
technology,Mobiles get set for visual radio
technology,Mobiles rack up 20 years of use
sport,Molby says Gravesen is Real deal
technology,More power to the people says HP
technology,Musicians 'upbeat' about the net
business,News Corp eyes video games market
technology,No half measures with Half-Life 2
sport,Parmar ruled out of Davis Cup tie
sport,Philippoussis doubt over Open bid
technology,Pompeii gets digital make-over
business,Q&A: Malcolm Glazer and Man Utd
sport,Radcliffe eyes hard line on drugs
sport,Real will finish abandoned match
sport,Ref stands by Scotland decisions
sport,Robinson wants dual code success
sport,Roche 'turns down Federer offer'
sport,Roddick splits from coach Gilbert
sport,Ronaldinho denies Blues interest
business,S Korea spending boost to economy
business,S Korean consumers spending again
business,Saudi investor picks up the Savoy
sport,Sella wants Michalak recall
business,Share boost for feud-hit Reliance
business,Shares rise on new Man Utd offer
technology,Sony PSP tipped as a 'must-have'
sport,Souness eyes summer move for Owen
technology,Souped-up wi-fi is on the horizon
business,South African car demand surges
sport,Stam spices up Man Utd encounter
sport,Tapping-up row is so much hot air
technology,Technology gets the creative bug
technology,Technology in rugby: GPS systems continue to grow in importance
sport,Tindall aiming to earn Lions spot
sport,Tindall wants second opinion
business,Tsunami 'to hit Sri Lanka banks'
business,UK economy facing 'major risks'
business,US Ahold suppliers face charges
business,US data sparks inflation worries
business,US interest rate rise expected
technology,US peer-to-peer pirates convicted
sport,"Umaga ready for ""fearsome"" Lions"
technology,Virus poses as Christmas e-mail
business,Wal-Mart fights back at accusers
sport,Wales coach elated with win
business,Warning over US pensions deficit
technology,Web photo storage market hots up
technology,Web radio takes Spanish rap global
sport,Wenger keeping faith with Almunia
sport,Wenger steps up row
sport,What now for British tennis?
sport,White admits to Balco drugs link
technology,World tour for top video gamers
business,$1m payoff for former Shell boss
technology,Anti-tremor mouse stops PC shakes
technology,Apple unveils low-cost 'Mac mini'
business,"Argentina, Venezuela in oil deal"
sport,Argentine great Caniggia retires
business,Banker loses sexism claim
business,Beijingers fume over parking fees
sport,Bell set for England debut
sport,Benitez issues warning to Gerrard
sport,Blackburn 0-1 Chelsea
business,Brazil plays down Varig rescue
technology,Britons fed up with net service
technology,Broadband takes on TV viewing
business,Brussels raps mobile call charges
sport,Butler strikes gold in Spain
sport,Chelsea denied by James heroics
business,China had role in Yukos split-up
sport,Clijsters hope on Aussie Open
sport,Costin aims for comeback in 2006
business,DaimlerChrysler's 2004 sales rise
sport,Dal Maso in to replace Bergamasco
sport,Davenport hits out at Wimbledon
sport,Dein concerned by Chelsea stance
business,Deutsche Boerse boosts dividend
business,EU ministers to mull jet fuel tax
business,Euronext joins bid battle for LSE
technology,Featured: 'No re-draft' for EU patent law
technology,Featured: 'Ultimate game' award for Doom 3
business,Fed chief warning on US deficit
sport,Ferguson rues failure to cut gap
business,GM pays $2bn to evade Fiat buyout
business,GSK aims to stop Aids profiteers
technology,GTA sequel is criminally good
technology,"Gamer buys $26,500 virtual land"
technology,Google's toolbar sparks concern
sport,Greene sets sights on world title
sport,Henman to face Saulnier test
sport,Holmes back on form in Birmingham
business,Home loan approvals rising again
business,Huge rush for Jet Airways shares
technology,IBM puts cash behind Linux push
business,India unveils anti-poverty budget
sport,Injury doubts beset Wales squad
technology,"Intercom Are Doubling Their Product Teams In SF, Dublin & London"
sport,Ireland 19-13 England
sport,Ireland win eclipses refereeing 'errors'
business,Japan economy slides to recession
business,Japan's ageing workforce: built to last
business,Japanese growth grinds to a halt
business,Jobs go at Oracle after takeover
business,Jobs growth still slow in the US
sport,Johnson accuses British sprinters
business,LSE doubts boost bidders' shares
technology,Lasers help bridge network gaps
sport,Lewis-Francis turns to Christie
sport,Man City 0-2 Man Utd
sport,Man Utd women's team to be axed
business,Markets fall on weak dollar fears
business,Marsh executive in guilty plea
business,McDonald's boss Bell dies aged 44
sport,McIlroy wins 800m indoor title
business,Mexican in US send $16bn home
technology,Microsoft launches its own search
technology,Microsoft releases bumper patches
technology,Microsoft sets sights on spyware
business,Mixed Christmas for US retailers
business,Mixed reaction to Man Utd offer
sport,Murray to make Cup history
technology,Musical future for phones
technology,Net fingerprints combat attacks
technology,New browser wins over net surfers
business,News Corp eyes video games market
business,No seasonal lift for house market
sport,O'Sullivan quick to hail Italians
business,Online News poll indicates economic gloom
business,Parmalat boasts doubled profits
technology,PlayStation 3 processor unveiled
technology,Podcasts mark rise of DIY radio
business,Police detain Chinese milk bosses
sport,Poll explains free-kick decision
sport,Radcliffe proves doubters wrong
sport,Radcliffe will compete in London
sport,Roddick into San Jose final
sport,Ruddock backs Yapp's credentials
business,S&N extends Indian beer venture
sport,SA return to Mauritius
sport,Safin slumps to shock Dubai loss
business,Sales 'fail to boost High Street'
sport,Santini resigns as Spurs manager
sport,Serena ends Sania Mirza's dream
technology,Set your television to wow
business,Small firms 'hit by rising costs'
sport,Souness delight at Euro progress
sport,Stars shine for tsunami benefit
sport,Strachan turns down Pompey
business,Strong demand triggers oil rally
sport,Sydney to host north v south game
business,Telegraph newspapers axe 90 jobs
business,UK bank seals South Korean deal
business,UK homes hit £3.3 trillion total
business,US Airways staff agree to pay cut
business,US budget deficit to reach $368bn
business,US interest rates increased to 2%
technology,US woman sues over ink cartridges
sport,Uganda FA suspended
business,Ukraine strikes Turkmen gas deal
technology,Video phone help for deaf people
technology,Viewers to be able to shape TV
sport,WRU proposes season overhaul
business,Watchdog probes Vivendi bond sale
business,Weak data buffets French economy
sport,White prepared for battle
sport,Williams stays on despite dispute
business,Wipro beats forecasts once again
business,WorldCom bosses' $54m payout
sport,Young debut cut short by Ginepri
sport,Adriano's Chelsea link rejected
business,Alfa Romeos 'to get GM engines'
business,Amex shares up on spin-off news
technology,Apple attacked over sources row
sport,Aragones angered by racism fine
business,Asian banks halt dollar's slide
technology,Attack prompts Bush site block
sport,Beckham relief as Real go through
sport,Beckham's chat reigns in Spain
sport,Blatter suggests offside change
sport,Bomb threat at Bernabeu stadium
sport,Bristol City 2-1 Milton Keynes
business,Cairn Energy in Indian gas find
sport,Campbell lifts lid on United feud
technology,Can Yahoo dominate next decade?
business,Cars pull down US retail figures
sport,Chelsea 3-0 Portsmouth
sport,Chepkemei hit by big ban
business,Chinese dam firm 'defies Beijing'
technology,Concern over RFID tags
sport,Davenport puts retirement on hold
business,Dollar hits new low versus euro
technology,Domain system opens door to scams
business,"Dutch bank to lay off 2,850 staff"
sport,Edgy Agassi struggles past Dent
sport,Edwards tips Idowu for Euro gold
business,Electronics firms eye plasma deal
sport,England claim Dubai Sevens glory
sport,England's defensive crisis grows
business,Ericsson sees earnings improve
business,FAO warns on impact of subsidies
sport,Faultless Federer has no equal
sport,Fear will help France - Laporte
technology,Featured: 'No re-draft' for EU patent law
sport,Ferguson urges Henry punishment
sport,Ferrero eyes return to top form
business,Fiat chief takes steering wheel
technology,Football Manager scores big time
technology,Freeze on anti-spam campaign
business,French suitor holds LSE meeting
sport,Funding cut hits Wales Students
technology,Gadget show heralds MP3 Christmas
technology,Games firms 'face tough future'
business,Georgia plans hidden asset pardon
business,German jobless rate at new record
sport,Gerrard happy at Anfield
business,Go-ahead for Balkan oil pipeline
business,Golden rule 'intact' says ex-aide
sport,Henman overcomes rival Rusedski
sport,Henry tipped for Fifa award
sport,Highbury tunnel players in clear
sport,Holmes urged to compete at Worlds
technology,How to make a gigapixel picture
sport,IAAF awaits Greek pair's response
business,ID theft surge hits US consumers
business,India and Russia in energy talks
business,Indonesia 'declines debt freeze'
technology,Intel unveils laser breakthrough
business,Iran budget seeks state sell-offs
business,Iraq to invite phone licence bids
sport,Ireland 17-12 South Africa
sport,Ireland 21-19 Argentina
business,Jarvis sells Tube stake to Spain
business,Krispy Kreme shares hit
sport,Kuznetsova 'failed a drugs test'
sport,Laporte tinkers with team
sport,Lions blow to World Cup winners
technology,Local net TV takes off in Austria
technology,Losing yourself in online gaming
technology,Media gadgets get moving
technology,Mobile gaming takes off in India
technology,More movies head to Sony's PSP
technology,More women turn to net security
sport,Mourinho expects fight to finish
sport,Moya clinches Cup for Spain
sport,Newcastle 27-27 Gloucester
sport,O'Driscoll saves Irish blushes
sport,O'Sullivan could run in Worlds
sport,Old Firm pair handed suspensions
technology,Online News leads interactive Bafta wins
business,Palestinian economy in decline
technology,Putting a face to 'Big Brother'
business,Rich grab half Colombia poor fund
business,Russia gets investment blessing
business,Saab to build Cadillacs in Sweden
technology,Security warning over 'FBI virus'
sport,Spain coach faces racism inquiry
technology,Spam e-mails tempt net shoppers
technology,Sporting rivals go to extra time
business,Standard Life cuts policy bonuses
business,Stormy year for property insurers
technology,Swap offer for pirated Windows XP
sport,Sydney return for Henin-Hardenne
business,Takeover rumour lifts Exel shares
sport,Tanzania gets Fifa backing
technology,Technology hijacked sports
technology,Tough rules for ringtone sellers
sport,Trial date is set for Balco case
business,UK house prices dip in November
business,UK interest rates held at 4.75%
business,Venezuela identifies 'idle' farms
sport,Verdict delay for Greek sprinters
business,Verizon 'seals takeover of MCI'
business,Vodafone appoints new Japan boss
business,WMC says Xstrata bid is too low
technology,Warnings on woeful wi-fi security
business,Wembley firm won't make a profit
business,Will Manchester United plc Short Squeeze Soon
business,Worldcom director ends evidence
sport,Yeading face Newcastle in FA Cup
business,Yukos owner sues Russia for $28bn
business,Yukos unit buyer faces loan claim
sport,A need to limit foreign numbers
technology,Apple iPod family expands market
technology,Apple sues 'Tiger' file sharers
technology,Apple sues to stop product leaks
sport,Athens memories soar above lows
technology,Ban hits Half-Life 2 pirates hard
sport,Bath faced with Tindall ultimatum
sport,Bellamy fined after row
business,Brazil approves bankruptcy reform
sport,Britain boosted by Holmes double
technology,Britons fed up with net service
business,Cactus diet deal for Phytopharm
business,Call centre users 'lose patience'
sport,Call for Kenteris to be cleared
technology,Call for action on internet scam
technology,Camera phones are 'must-haves'
business,China's Shanda buys stake in Sina
technology,Chip maker backs net phone calls
sport,Cole refuses to blame van Persie
sport,Collins appeals against drugs ban
business,Consumers drive French economy
sport,Crusaders 2-3 Ballymena United
sport,Desailly backs Blues revenge trip
technology,Digital guru floats sub-$100 PC
technology,Doors open at biggest gadget fair
sport,Double injury blow strikes Wales
technology,EU software patent law faces axe
business,Ebbers 'aware' of WorldCom fraud
sport,England given tough Sevens draw
technology,Europe backs digital TV lifestyle
business,Executive trio leave Aer Lingus
sport,FA Cup losing its sheen
technology,Fast moving phone viruses appear
business,Featured: 'Standoff' on Deutsche's LSE bid
technology,Featured: 'Ultimate game' award for Doom 3
sport,Federer joins all-time greats
sport,Formula 1: US-Qatari investors 'to bid for sport'
business,Fosters buys stake in winemaker
business,French consumer spending rising
technology,Games 'deserve a place in class'
sport,Gatlin and Hayes win Owen awards
business,German bidder in talks with LSE
technology,Global blogger action day called
sport,Greece defy the odds at Euro 2004
sport,Greek pair set for hearing
technology,Halo fans' hope for sequel
business,Hariri killing hits Beirut shares
sport,Hodgson relishes European clashes
sport,Hong Kong in 2011 World Cup bid
sport,IAAF will contest Greek decision
technology,IBM puts cash behind Linux push
business,IMF agrees fresh Turkey funding
business,India and Iran in gas export deal
business,India power shares jump on debut
business,India's Deccan seals $1.8bn deal
business,Indian oil firm eyes Yukos assets
business,Israeli economy picking up pace
business,Japan bank shares up on link talk
business,Japanese mogul arrested for fraud
sport,Kewell waits as injury drags on
business,Khodorkovsky ally denies charges
sport,Leeds v Saracens (Fri)
sport,Liverpool pledge to keep Gerrard
sport,Llewellyn plans Wales retirement
business,Lloyd's of London head chides FSA
sport,Mauresmo opens with victory in LA
business,Metlife buys up Citigroup insurer
technology,Microsoft seeking spyware trojan
technology,Mobile audio enters new dimension
technology,Mobile networks seek turbo boost
technology,Movie body targets children's PCs
technology,Napster offers rented music to go
technology,New business technology trends
sport,Nike defends under-fire football
technology,Nintendo handheld given Euro date
business,Nissan names successor to Ghosn
technology,Nuclear body seeks new tech
business,Oil prices reach three-month low
technology,Open source leaders slam patents
sport,Owen determined to stay in Madrid
sport,Owen set for skipper role
technology,Peer-to-peer nets 'here to stay'
business,Pension hitch for long-living men
sport,Radcliffe enjoys winning comeback
technology,Reboot ordered for EU patent law
sport,Relay squad thrilled with honours
sport,Reyes tricked into Real admission
technology,Rings of steel combat net attacks
sport,Rivals back anti-racism campaign
business,Ryanair in $4bn Boeing plane deal
sport,SA supports Fifa control
sport,Safin relieved at Aussie recovery
sport,Scotland 18-10 Italy
sport,Sculthorpe wants Lions captaincy
business,Sluggish economy hits German jobs
sport,Souness backs Smith for Scotland
technology,Speak easy plan for media players
business,Steady job growth continues in US
technology,Sun offers processing by the hour
technology,Supercomputer breaks speed record
technology,TV future in the hands of viewers
business,Tate & Lyle boss bags top award
sport,Taylor poised for Scotland return
sport,Tevez - an Argentine in Brazil
technology,Tough rules for ringtone sellers
business,Tsunami cost hits Jakarta shares
business,Two Nigerian banks set to merge
technology,UK net users leading TV downloads
business,US bank 'loses' customer details
technology,US duo in first spam conviction
business,US firm pulls out of Iraq
business,US gives foreign firms extra time
business,US prepares for hybrid onslaught
sport,Van Nistelrooy hungry for return
business,WMC profits up amid bid criticism
technology,Web logs aid disaster recovery
sport,Wenger offers Mutu hope
sport,What now for Kelly Holmes?
sport,"Why technology in sport poses a threat to keeping the game fair, safe and affordable"
sport,Williams battles to Aussie title
business,WorldCom director admits lying
business,Yukos bankruptcy 'not US matter'
sport,All Black magic: New Zealand rugby
sport,Anelka 'eyes Man City departure'
technology,Apple Mac mini gets warm welcome
technology,Apple laptop is 'greatest gadget'
business,Asia quake increases poverty risk
technology,Ask Jeeves joins web log market
business,Australia rates at four year high
business,BMW reveals new models pipeline
business,BMW to recall faulty diesel cars
business,Ban on forced retirement under 65
business,Bank opts to leave rates on hold
business,Bank voted 8-1 for no rate change
business,Barclays profits hit record level
sport,Beckham rules out management move
business,Boeing secures giant Japan order
sport,Bookies pay out on Spurs 'goal'
business,Booming markets shed few tears
sport,Borders 19-20 Ulster
sport,Bortolami predicts dour contest
sport,Brentford v Southampton
sport,Bridge could miss rest of season
technology,Britons growing 'digitally obese'
technology,Broadband fuels online change
business,Budget Aston takes on Porsche
sport,Campbell rescues Arsenal
business,Car giant hit by Mercedes slump
sport,Celtic unhappy over Bulgaria date
sport,Collins to compete in Birmingham
technology,Computer grid to help the world
sport,Connors' rallying cry for British tennis
technology,Consumers 'snub portable video'
business,Court rejects $280bn tobacco case
business,Criminal probe on Citigroup deals
sport,Dawson joins England injury list
sport,Desailly backs Blues revenge trip
technology,Digital UK driven by net and TV
business,Disney settles disclosure charges
sport,Downing injury mars Uefa victory
sport,Duff ruled out of Barcelona clash
business,ECB holds rates amid growth fears
technology,EU software patent law delayed
business,Fiat mulls Ferrari market listing
technology,Finding new homes for old phones
technology,Firefox browser takes on Microsoft
technology,France starts digital terrestrial
business,G7 backs Africa debt relief plan
sport,GB select Holmes for double bid
business,"GM, Ford cut output as sales fall"
sport,Gallas sees two-horse race
technology,Games enter the classroom
sport,Gardener battles to narrow win
business,Gold falls on IMF sale concerns
business,Green reports shun supply chain
technology,Half-Life 2 sweeps Bafta awards
sport,Hearts 2-1 Livingston
sport,Hingis to make unexpected return
sport,Hitzlsperger waiting on O'Leary
technology,How to make a greener computer
sport,IAAF to rule on Greek sprint pair
business,IMF 'cuts' German growth estimate
business,Indonesians face fuel price rise
technology,Internet boom for gift shopping
sport,Iranian misses Israel match
business,Japanese banking battle at an end
sport,Johnson announces June retirement
sport,Johnson edges out rival Sotherton
sport,Jol joy at 'professional' Cup win
sport,Jones files Conte lawsuit
technology,Junk e-mails on relentless rise
business,Karachi stocks hit historic high
technology,Kenyan school turns to handhelds
technology,Looks and music to drive mobiles
business,McDonald's to sponsor MTV show
sport,Mexicans tracking unhappy Juninho
technology,Microsoft gets the blogging bug
business,Millions go missing at China bank
technology,Mobile music challenges 'iPod age'
sport,Moody joins up with England
sport,Mourinho defiant on Chelsea form
technology,Movie body hits peer-to-peer nets
sport,Moya emotional at Davis Cup win
sport,Newry to fight cup exit in courts
technology,Norway upholds 'Napster' ruling
technology,Online News web search aids odd queries
technology,PC photo printers challenge pros
sport,Palace threat over Cantona masks
business,Parmalat bank barred from suing
sport,Pennant guilty of wasting talent
sport,Player burn-out worries Robinson
business,Qwest may spark MCI bidding war
business,Rank 'set to sell off film unit'
sport,Reaction from Spanish press
business,Retail sales show festive fervour
sport,Roddick to face Saulnier in final
sport,Rush future at Chester uncertain
business,Russian oil merger excludes Yukos
business,S Korean credit card firm rescued
sport,Scrum-half Williams rejoins Bath
technology,Smartphones suffer Skulls attack
technology,Software watching while you work
sport,Sports Direct investors veto £11m payout to Ashley's brother
business,Survey confirms property slowdown
sport,Tartan Army given safety pledge
sport,Teenager Tait picked for England
technology,Text message record smashed again
sport,Thomas out of Six Nations
business,Tobacco giants hail court ruling
technology,Toxic web links help virus spread
business,Tsunami slows Sri Lanka's growth
business,UK young top Euro earnings league
technology,US duo in first spam conviction
business,US regulator to rule on pain drug
technology,US state acts to stop 'spammers'
business,US to probe airline travel chaos
sport,Wales hails new superstar
business,Wall Street cheers Bush victory
technology,What price for 'trusted PC security'?
sport,Wilkinson to lead England
technology,Windows worm travels with Tetris
business,Winter freeze keeps oil above $50
business,Worldcom ex-boss launches defence
sport,2004 - A year to remember
business,Absa and Barclays talks continue
technology,Ask Jeeves joins web log market
business,Ask Jeeves tips online ad revival
business,BMW cash to fuel Mini production
technology,Bad e-mail habits sustains spam
business,Bad weather hits Nestle sales
sport,Barbarians 19-47 New Zealand
sport,Big guns ease through in San Jose
sport,Blues slam Blackburn over Savage
business,Borussia Dortmund near bust
business,Brazil buy boosts Belgium's Inbev
technology,Broadband soars in 2004
technology,China 'ripe' for media explosion
business,China continues breakneck growth
business,Chinese wine tempts Italy's Illva
business,Consumer spending lifts US growth
business,Could Yukos be a blessing in disguise?
sport,Cup holders Man Utd visit Everton
sport,D'Arcy injury adds to Ireland woe
sport,Dallaglio eyeing Lions tour place
business,Delta cuts fares in survival plan
business,Dollar gains on Greenspan speech
technology,Dozens held over ID fraud site
business,Economy 'strong' in election year
sport,Edu describes tunnel fracas
sport,European medal chances improve
sport,Federer breezes into semi-finals
sport,Federer claims Dubai crown
sport,Ferdinand casts doubt over Glazer
technology,File-swappers ready new network
business,France Telecom gets Orange boost
technology,Game firm holds 'cast' auditions
technology,Games maker fights for survival
technology,Games win for Blu-ray DVD format
technology,Gizmondo gadget hits the shelves
business,Glaxo aims high after profit fall
technology,Global digital divide 'narrowing'
business,Google shares fall as staff sell
sport,Hamm bows out for US
sport,Harinordoquy suffers France axe
sport,Hewitt overcomes wobble in Sydney
technology,Hollywood campaign hits websites
business,House prices rebound says Halifax
business,India calls for fair trade rules
business,India opens skies to competition
business,Industrial output falls in Japan
business,Irish markets reach all-time high
business,Japan narrowly escapes recession
business,Japan turns to beer alternatives
technology,Joke e-mail virus tricks users
sport,Jones files lawsuit against Conte
sport,Jones happy with Henson heroics
sport,Jones medals 'must go if guilty'
sport,Lewsey puzzle over disallowed try
technology,Lifestyle 'governs mobile choice'
sport,Linesman defends disallowed goal
sport,London Irish 19-33 Wasps
sport,Melzer shocks Agassi
technology,Microsoft plans 'safer ID' system
technology,Millions to miss out on the net
technology,Mobile games come of age
technology,Mobile gig aims to rock 3G
sport,Moya fights back for Indian title
technology,Multi-purpose TV aids India
sport,Munster Cup tie switched to Spain
business,Nortel in $300m profit revision
sport,Officials respond in court row
business,Oil rebounds from weather effect
sport,Parry firm over Gerrard
sport,Parry puts Gerrard 'above money'
technology,Piero gives rugby perspective
technology,Players sought for $1m prize
sport,QPR keeper Day heads for Preston
business,Renault boss hails 'great year'
technology,Report: Benitez delight after crucial win
technology,Rings of steel combat net attacks
business,Saudi NCCI's shares soar
technology,Savvy searchers fail to spot ads
sport,Scots suffer another injury blow
technology,Search wars hit desktop PCs
technology,Security warning over 'FBI virus'
technology,Slow start to speedy net services
technology,Sony PSP handheld console hits US
technology,Sony PSP tipped as a 'must-have'
sport,Stevens named in England line-up
technology,T-Mobile bets on 'pocket office'
business,Takeover offer for Sunderland FC
technology,The future in your pocket
sport,The gloves are off
sport,Tigers wary of Farrell 'gamble'
business,Troubled Marsh under SEC scrutiny
technology,UK gets official virus alert site
technology,US blogger fired by her airline
business,US company admits Benin bribery
business,US seeks new $280bn smoker ruling
technology,US woman sues over cartridges
sport,Uefa approves fake grass
sport,Unclear future for striker Baros
business,Venezuela reviews foreign deals
sport,Vickery out of Six Nations
sport,Wales make two changes for France
technology,Warning over tsunami aid website
business,Weak dollar hits Online News
sport,Wenger dejected as Arsenal slump
technology,What high-definition will do to DVDs
technology,What's next for next-gen consoles?
business,Why few targets are better than many
technology,Wi-fi web reaches farmers in Peru
sport,Woodward eyes Brennan for Lions
business,WorldCom trial starts in New York
business,Yukos accused of lying to court
business,Yukos drops banks from court bid
sport,Zambia confident and cautious
